/*
Navicat MySQL Data Transfer

Source Server         : gaoxiong
Source Server Version : 50722
Source Host           : localhost:3306
Source Database       : oauth2

Target Server Type    : MYSQL
Target Server Version : 50722
File Encoding         : 65001

Date: 2019-07-19 17:34:10
*/

SET FOREIGN_KEY_CHECKS=0;

-- ----------------------------
-- Table structure for clientdetails
-- ----------------------------
DROP TABLE IF EXISTS `clientdetails`;
CREATE TABLE `clientdetails` (
  `appId` varchar(256) NOT NULL,
  `resourceIds` varchar(256) DEFAULT NULL,
  `appSecret` varchar(256) DEFAULT NULL,
  `scope` varchar(256) DEFAULT NULL,
  `grantTypes` varchar(256) DEFAULT NULL,
  `redirectUrl` varchar(256) DEFAULT NULL,
  `authorities` varchar(256) DEFAULT NULL,
  `access_token_validity` int(11) DEFAULT NULL,
  `refresh_token_validity` int(11) DEFAULT NULL,
  `additionalInformation` varchar(4096) DEFAULT NULL,
  `autoApproveScopes` varchar(256) DEFAULT NULL,
  PRIMARY KEY (`appId`)
) ENGINE=InnoDB DEFAULT CHARSET=utf8mb4;

-- ----------------------------
-- Records of clientdetails
-- ----------------------------

-- ----------------------------
-- Table structure for oauth_access_token
-- ----------------------------
DROP TABLE IF EXISTS `oauth_access_token`;
CREATE TABLE `oauth_access_token` (
  `token_id` varchar(256) DEFAULT NULL,
  `token` blob,
  `authentication_id` varchar(256) NOT NULL,
  `user_name` varchar(256) DEFAULT NULL,
  `client_id` varchar(256) DEFAULT NULL,
  `authentication` blob,
  `refresh_token` varchar(256) DEFAULT NULL,
  PRIMARY KEY (`authentication_id`)
) ENGINE=InnoDB DEFAULT CHARSET=utf8mb4;

-- ----------------------------
-- Records of oauth_access_token
-- ----------------------------

-- ----------------------------
-- Table structure for oauth_approvals
-- ----------------------------
DROP TABLE IF EXISTS `oauth_approvals`;
CREATE TABLE `oauth_approvals` (
  `userId` varchar(256) DEFAULT NULL,
  `clientId` varchar(256) DEFAULT NULL,
  `scope` varchar(256) DEFAULT NULL,
  `status` varchar(10) DEFAULT NULL,
  `expiresAt` timestamp NOT NULL DEFAULT CURRENT_TIMESTAMP ON UPDATE CURRENT_TIMESTAMP,
  `lastModifiedAt` timestamp NOT NULL DEFAULT '0000-00-00 00:00:00'
) ENGINE=InnoDB DEFAULT CHARSET=utf8mb4;

-- ----------------------------
-- Records of oauth_approvals
-- ----------------------------

-- ----------------------------
-- Table structure for oauth_client_details
-- ----------------------------
DROP TABLE IF EXISTS `oauth_client_details`;
CREATE TABLE `oauth_client_details` (
  `client_id` varchar(256) CHARACTER SET utf8 NOT NULL,
  `resource_ids` varchar(256) CHARACTER SET utf8 DEFAULT NULL,
  `client_secret` varchar(256) CHARACTER SET utf8 DEFAULT NULL,
  `scope` varchar(256) CHARACTER SET utf8 DEFAULT NULL,
  `authorized_grant_types` varchar(256) CHARACTER SET utf8 DEFAULT NULL,
  `web_server_redirect_uri` varchar(256) CHARACTER SET utf8 DEFAULT NULL,
  `authorities` varchar(256) CHARACTER SET utf8 DEFAULT NULL,
  `access_token_validity` int(11) DEFAULT NULL,
  `refresh_token_validity` int(11) DEFAULT NULL,
  `additional_information` varchar(4096) CHARACTER SET utf8 DEFAULT NULL,
  `autoapprove` varchar(256) CHARACTER SET utf8 DEFAULT NULL,
  PRIMARY KEY (`client_id`)
) ENGINE=InnoDB DEFAULT CHARSET=utf8mb4;

-- ----------------------------
-- Records of oauth_client_details
-- ----------------------------
INSERT INTO `oauth_client_details` VALUES ('OrderManagement', null, '$2a$10$8yVwRGY6zB8wv5o0kRgD0ep/HVcvtSZUZsYu/586Egxc1hv3cI9Q6', 'all', 'authorization_code,refresh_token', 'http://localhost:8083/orderSystem/login', null, '7200', null, null, 'true');
INSERT INTO `oauth_client_details` VALUES ('UserManagement', null, '$2a$10$ZRmPFVgE6o2aoaK6hv49pOt5BZIKBDLywCaFkuAs6zYmRkpKHgyuO', 'all', 'authorization_code,refresh_token', 'http://localhost:8082/memberSystem/login', null, '7200', null, null, 'true');

-- ----------------------------
-- Table structure for oauth_client_token
-- ----------------------------
DROP TABLE IF EXISTS `oauth_client_token`;
CREATE TABLE `oauth_client_token` (
  `token_id` varchar(256) DEFAULT NULL,
  `token` blob,
  `authentication_id` varchar(256) NOT NULL,
  `user_name` varchar(256) DEFAULT NULL,
  `client_id` varchar(256) DEFAULT NULL,
  PRIMARY KEY (`authentication_id`)
) ENGINE=InnoDB DEFAULT CHARSET=utf8mb4;

-- ----------------------------
-- Records of oauth_client_token
-- ----------------------------

-- ----------------------------
-- Table structure for oauth_code
-- ----------------------------
DROP TABLE IF EXISTS `oauth_code`;
CREATE TABLE `oauth_code` (
  `code` varchar(256) DEFAULT NULL,
  `authentication` blob
) ENGINE=InnoDB DEFAULT CHARSET=utf8mb4;

-- ----------------------------
-- Records of oauth_code
-- ----------------------------

-- ----------------------------
-- Table structure for oauth_refresh_token
-- ----------------------------
DROP TABLE IF EXISTS `oauth_refresh_token`;
CREATE TABLE `oauth_refresh_token` (
  `token_id` varchar(256) DEFAULT NULL,
  `token` blob,
  `authentication` blob
) ENGINE=InnoDB DEFAULT CHARSET=utf8mb4;

-- ----------------------------
-- Records of oauth_refresh_token
-- ----------------------------

-- ----------------------------
-- Table structure for role
-- ----------------------------
DROP TABLE IF EXISTS `role`;
CREATE TABLE `role` (
  `id` int(11) NOT NULL AUTO_INCREMENT,
  `role_name` varchar(255) DEFAULT NULL,
  PRIMARY KEY (`id`)
) ENGINE=InnoDB AUTO_INCREMENT=4 DEFAULT CHARSET=utf8mb4;

-- ----------------------------
-- Records of role
-- ----------------------------
INSERT INTO `role` VALUES ('1', 'ROLE_NORMAL');
INSERT INTO `role` VALUES ('2', 'ROLE_ADMIN');
INSERT INTO `role` VALUES ('3', 'ROLE_MEDIUM');

-- ----------------------------
-- Table structure for sys_permission
-- ----------------------------
DROP TABLE IF EXISTS `sys_permission`;
CREATE TABLE `sys_permission` (
  `id` int(11) NOT NULL AUTO_INCREMENT,
  `pid` int(11) DEFAULT '0' COMMENT '父ID',
  `type` tinyint(4) NOT NULL COMMENT '资源类型（1：菜单，2：按钮，3：操作）',
  `name` varchar(64) CHARACTER SET latin1 NOT NULL COMMENT '资源名称',
  `code` varchar(64) CHARACTER SET latin1 NOT NULL COMMENT '资源标识（或者叫权限字符串）',
  `uri` varchar(64) CHARACTER SET latin1 DEFAULT NULL COMMENT '资源URI',
  `seq` int(11) DEFAULT '1' COMMENT '序号',
  `create_user` varchar(64) CHARACTER SET latin1 DEFAULT NULL,
  `create_time` datetime DEFAULT NULL,
  `update_user` varchar(64) CHARACTER SET latin1 DEFAULT NULL,
  `update_time` datetime DEFAULT NULL,
  PRIMARY KEY (`id`),
  UNIQUE KEY `code` (`code`),
  KEY `idx_type` (`type`) USING BTREE
) ENGINE=InnoDB AUTO_INCREMENT=2 DEFAULT CHARSET=utf8mb4;

-- ----------------------------
-- Records of sys_permission
-- ----------------------------
INSERT INTO `sys_permission` VALUES ('1', '0', '3', 'add', 'member:add', '/member/add', '1', 'system', '2019-03-03 18:50:17', 'system', '2019-03-03 18:50:20');

-- ----------------------------
-- Table structure for sys_role
-- ----------------------------
DROP TABLE IF EXISTS `sys_role`;
CREATE TABLE `sys_role` (
  `id` int(11) NOT NULL AUTO_INCREMENT,
  `role_name` varchar(32) NOT NULL COMMENT '角色名称',
  `role_code` varchar(32) NOT NULL,
  `role_description` varchar(64) DEFAULT NULL COMMENT '角色描述',
  `create_user` varchar(64) DEFAULT NULL,
  `create_time` datetime DEFAULT CURRENT_TIMESTAMP,
  `update_user` varchar(64) DEFAULT NULL,
  `update_time` datetime DEFAULT NULL,
  PRIMARY KEY (`id`)
) ENGINE=InnoDB AUTO_INCREMENT=4 DEFAULT CHARSET=utf8mb4;

-- ----------------------------
-- Records of sys_role
-- ----------------------------
INSERT INTO `sys_role` VALUES ('1', '员工', 'normal', '普通员工', 'system', '2019-02-12 11:14:41', null, null);
INSERT INTO `sys_role` VALUES ('2', '部门经理', 'manager', '部门经理', 'system', '2019-02-12 11:15:37', null, null);
INSERT INTO `sys_role` VALUES ('3', '客服', 'kefu', '客服', 'system', '2019-02-12 11:16:27', null, null);

-- ----------------------------
-- Table structure for sys_role_permission
-- ----------------------------
DROP TABLE IF EXISTS `sys_role_permission`;
CREATE TABLE `sys_role_permission` (
  `id` int(11) NOT NULL AUTO_INCREMENT,
  `role_id` int(11) NOT NULL COMMENT '角色ID',
  `permission_id` int(11) NOT NULL COMMENT '权限ID',
  PRIMARY KEY (`id`)
) ENGINE=InnoDB AUTO_INCREMENT=2 DEFAULT CHARSET=utf8mb4;

-- ----------------------------
-- Records of sys_role_permission
-- ----------------------------
INSERT INTO `sys_role_permission` VALUES ('1', '2', '1');

-- ----------------------------
-- Table structure for sys_user
-- ----------------------------
DROP TABLE IF EXISTS `sys_user`;
CREATE TABLE `sys_user` (
  `id` int(11) NOT NULL AUTO_INCREMENT,
  `username` varchar(64) NOT NULL COMMENT '账号',
  `password` varchar(256) NOT NULL COMMENT '密码',
  `nickname` varchar(64) NOT NULL COMMENT '昵称',
  `email` varchar(64) DEFAULT NULL COMMENT '邮箱',
  `status` tinyint(4) NOT NULL DEFAULT '0' COMMENT '状态（0：锁定，1：解锁）',
  `create_user` varchar(64) DEFAULT NULL,
  `create_time` datetime DEFAULT CURRENT_TIMESTAMP,
  `update_user` varchar(64) DEFAULT NULL,
  `update_time` datetime DEFAULT NULL,
  PRIMARY KEY (`id`)
) ENGINE=InnoDB AUTO_INCREMENT=3 DEFAULT CHARSET=utf8mb4;

-- ----------------------------
-- Records of sys_user
-- ----------------------------
INSERT INTO `sys_user` VALUES ('1', 'admin', 'admin', '管理员', 'abc@123.com', '1', 'system', '2019-02-12 11:12:19', null, null);
INSERT INTO `sys_user` VALUES ('2', 'zhangsan', '123456', '张三', 'zhangsan@126.com', '1', 'system', '2019-02-12 11:13:27', null, null);

-- ----------------------------
-- Table structure for sys_user_role
-- ----------------------------
DROP TABLE IF EXISTS `sys_user_role`;
CREATE TABLE `sys_user_role` (
  `id` int(11) NOT NULL AUTO_INCREMENT,
  `user_id` int(11) NOT NULL COMMENT '用户ID',
  `role_id` int(11) NOT NULL COMMENT '角色ID',
  PRIMARY KEY (`id`)
) ENGINE=InnoDB AUTO_INCREMENT=5 DEFAULT CHARSET=utf8mb4;

-- ----------------------------
-- Records of sys_user_role
-- ----------------------------
INSERT INTO `sys_user_role` VALUES ('1', '1', '1');
INSERT INTO `sys_user_role` VALUES ('2', '1', '2');
INSERT INTO `sys_user_role` VALUES ('3', '1', '3');
INSERT INTO `sys_user_role` VALUES ('4', '2', '2');

-- ----------------------------
-- Table structure for user
-- ----------------------------
DROP TABLE IF EXISTS `user`;
CREATE TABLE `user` (
  `id` int(11) NOT NULL AUTO_INCREMENT,
  `password` varchar(255) DEFAULT NULL,
  `username` varchar(255) DEFAULT NULL,
  PRIMARY KEY (`id`)
) ENGINE=InnoDB AUTO_INCREMENT=3 DEFAULT CHARSET=utf8mb4;

-- ----------------------------
-- Records of user
-- ----------------------------
INSERT INTO `user` VALUES ('1', '$2a$10$Hj0wPSHUZYve.kObkMjjIeMoP/UmMKeSw1m7vPWjbK7ik7rUuzXSK', 'gaoxiong');
INSERT INTO `user` VALUES ('2', '$2a$10$eMNb4TuUO6MsXRSHkkl.Pu.qEvJDI16KIjwXYEtbFZ/6nH8BGwNgi', 'admin');

-- ----------------------------
-- Table structure for user_roles
-- ----------------------------
DROP TABLE IF EXISTS `user_roles`;
CREATE TABLE `user_roles` (
  `user_id` int(11) NOT NULL,
  `roles_id` int(11) NOT NULL,
  KEY `FKj9553ass9uctjrmh0gkqsmv0d` (`roles_id`),
  KEY `FK55itppkw3i07do3h7qoclqd4k` (`user_id`),
  CONSTRAINT `FK55itppkw3i07do3h7qoclqd4k` FOREIGN KEY (`user_id`) REFERENCES `user` (`id`),
  CONSTRAINT `FKj9553ass9uctjrmh0gkqsmv0d` FOREIGN KEY (`roles_id`) REFERENCES `role` (`id`)
) ENGINE=InnoDB DEFAULT CHARSET=utf8mb4;

-- ----------------------------
-- Records of user_roles
-- ----------------------------
INSERT INTO `user_roles` VALUES ('1', '1');
INSERT INTO `user_roles` VALUES ('1', '2');
INSERT INTO `user_roles` VALUES ('1', '3');
INSERT INTO `user_roles` VALUES ('2', '1');
INSERT INTO `user_roles` VALUES ('2', '2');
